dataset,method,train_time,pred_time
DiatomSizeReduction,PAA,7.361173629760742e-06,4.05934901019327e-07
DiatomSizeReduction,DFT,4.26173210144043e-06,2.2961423287983812e-06
DiatomSizeReduction,PCA+Allocation,8.068978786468506e-05,5.159502715067147e-06
DiatomSizeReduction,PCA+Allocation_randomized,7.331371307373047e-05,3.1719020768707875e-06
InsectEPGSmallTrain,PAA,7.433049819048713e-06,5.869501565833647e-07
InsectEPGSmallTrain,DFT,2.4402842802159928e-05,2.120201846203172e-05
InsectEPGSmallTrain,PCA+Allocation,0.00016877230475930606,3.7735245792741277e-06
InsectEPGSmallTrain,PCA+Allocation_randomized,0.00017833709716796875,4.657301079317269e-06
Fungi,PAA,6.940629747178819e-06,5.857918852119036e-07
Fungi,DFT,6.781684027777777e-06,6.950029762842322e-06
Fungi,PCA+Allocation,6.287627749972873e-05,1.086983629452285e-06
Fungi,PCA+Allocation_randomized,6.031990051269531e-05,9.216288084624916e-07
BeetleFly,PAA,6.282329559326172e-06,5.161762237548828e-06
BeetleFly,DFT,3.039836883544922e-06,2.9921531677246095e-06
BeetleFly,PCA+Allocation,0.00011638402938842773,6.139278411865234e-06
BeetleFly,PCA+Allocation_randomized,0.00014044046401977538,6.306171417236328e-06
BirdChicken,PAA,6.306171417236328e-06,5.0425529479980465e-06
BirdChicken,DFT,2.9802322387695312e-06,2.455711364746094e-06
BirdChicken,PCA+Allocation,0.00011643171310424805,6.794929504394531e-06
BirdChicken,PCA+Allocation_randomized,0.00013952255249023439,6.0677528381347655e-06
Rock,PAA,9.72747802734375e-06,3.509521484375e-06
Rock,DFT,3.417730331420898e-05,3.543376922607422e-05
Rock,PCA+Allocation,0.0008068561553955078,1.1472702026367187e-05
Rock,PCA+Allocation_randomized,0.0007266759872436524,8.883476257324218e-06
DodgerLoopGame,PAA,6.508827209472656e-06,8.240990016771399e-07
DodgerLoopGame,DFT,2.586841583251953e-06,1.1869098829186482e-06
DodgerLoopGame,PCA+Allocation,6.886720657348633e-05,1.3890473738960598e-06
DodgerLoopGame,PCA+Allocation_randomized,6.653070449829102e-05,1.3510386149088542e-06
DodgerLoopWeekend,PAA,6.4730644226074215e-06,8.189159890879756e-07
DodgerLoopWeekend,DFT,2.133846282958984e-06,1.1661778325619905e-06
DodgerLoopWeekend,PCA+Allocation,6.848573684692383e-05,1.318212868510813e-06
DodgerLoopWeekend,PCA+Allocation_randomized,6.682872772216797e-05,1.3303065645521965e-06
ShapeletSim,PAA,6.568431854248047e-06,6.980366177029079e-07
ShapeletSim,DFT,3.2067298889160155e-06,2.2570292154947917e-06
ShapeletSim,PCA+Allocation,0.0001142263412475586,3.3431582980685764e-06
ShapeletSim,PCA+Allocation_randomized,0.00011354684829711914,4.975001017252604e-06
Chinatown,PAA,5.662441253662109e-06,2.8359994248815597e-07
Chinatown,DFT,1.0609626770019532e-06,1.5292153761616254e-07
Chinatown,PCA+Allocation,4.4012069702148436e-05,3.3225679536602587e-07
Chinatown,PCA+Allocation_randomized,4.167556762695313e-05,3.49634242822408e-07
SonyAIBORobotSurface1,PAA,5.841255187988281e-06,1.8049992261432768e-07
SonyAIBORobotSurface1,DFT,1.3470649719238282e-06,7.886458157302933e-07
SonyAIBORobotSurface1,PCA+Allocation,4.9185752868652346e-05,3.003042668550463e-07
SonyAIBORobotSurface1,PCA+Allocation_randomized,4.7147274017333984e-05,2.872130636764247e-07
MoteStrain,PAA,5.745887756347657e-06,1.1216337307573507e-07
MoteStrain,DFT,1.4066696166992188e-06,6.731706686294117e-07
MoteStrain,PCA+Allocation,4.876852035522461e-05,5.153040535533771e-07
MoteStrain,PCA+Allocation_randomized,4.76837158203125e-05,7.62482420704997e-07
ECGFiveDays,PAA,5.183012589164402e-06,1.592226283198588e-07
ECGFiveDays,DFT,1.6792960788892664e-06,1.4122354859674434e-06
ECGFiveDays,PCA+Allocation,4.868922026261039e-05,7.800524243078996e-07
ECGFiveDays,PCA+Allocation_randomized,4.819165105405061e-05,1.1560947360615835e-06
TwoLeadECG,PAA,4.923861959706182e-06,1.1366223744701355e-07
TwoLeadECG,DFT,2.2183293881623642e-06,1.4508157785363737e-06
TwoLeadECG,PCA+Allocation,4.482269287109375e-05,5.454950106573063e-07
TwoLeadECG,PCA+Allocation_randomized,4.413853520932405e-05,8.17195902381475e-07
FaceFour,PAA,4.5498212178548174e-06,1.0539184917103161e-06
FaceFour,DFT,2.7219454447428384e-06,1.7583370208740234e-06
FaceFour,PCA+Allocation,6.035963694254557e-05,1.7935579473322087e-06
FaceFour,PCA+Allocation_randomized,5.811452865600586e-05,1.6635114496404475e-06
Symbols,PAA,4.5013427734375e-06,1.7803518017332757e-07
Symbols,DFT,2.193450927734375e-05,2.1254956422738693e-05
Symbols,PCA+Allocation,0.00010012626647949218,1.8666138002021829e-06
Symbols,PCA+Allocation_randomized,0.00010120391845703125,2.5310708050751806e-06
SonyAIBORobotSurface2,PAA,4.697729040075231e-06,1.3784746808495376e-07
SonyAIBORobotSurface2,DFT,1.2539051197193288e-06,4.7283432791390673e-07
SonyAIBORobotSurface2,PCA+Allocation,4.384252760145399e-05,2.48175477931532e-07
SonyAIBORobotSurface2,PCA+Allocation_randomized,4.2208918818721065e-05,2.3766804842233407e-07
Coffee,PAA,4.444803510393415e-06,3.559248788016183e-06
Coffee,DFT,3.082411629813058e-06,2.358640943254743e-06
Coffee,PCA+Allocation,6.11884253365653e-05,4.3851988656180244e-06
Coffee,PCA+Allocation_randomized,6.0013362339564734e-05,4.163810185023717e-06
FreezerSmallTrain,PAA,4.5299530029296875e-06,1.0197622734203674e-07
FreezerSmallTrain,DFT,3.789152417864118e-06,3.2204075863486844e-06
FreezerSmallTrain,PCA+Allocation,5.920444216047015e-05,1.2175242106119791e-06
FreezerSmallTrain,PCA+Allocation_randomized,5.829334259033203e-05,1.4508397955643503e-06
Beef,PAA,4.029273986816406e-06,3.0676523844401043e-06
Beef,DFT,8.789698282877604e-06,4.092852274576823e-06
Beef,PCA+Allocation,0.0001863241195678711,5.269050598144532e-06
Beef,PCA+Allocation_randomized,0.000182191530863444,4.561742146809896e-06
OliveOil,PAA,4.490216573079427e-06,3.520647684733073e-06
OliveOil,DFT,5.555152893066406e-06,3.989537556966146e-06
OliveOil,PCA+Allocation,0.0002292633056640625,5.372365315755209e-06
OliveOil,PCA+Allocation_randomized,0.00011204083760579427,5.292892456054687e-06
BME,PAA,4.013379414876302e-06,6.643931070963542e-07
BME,DFT,1.0728836059570312e-06,4.752477010091146e-07
BME,PCA+Allocation,4.6022733052571614e-05,9.202957153320312e-07
BME,PCA+Allocation_randomized,4.40518061319987e-05,9.886423746744791e-07
CBF,PAA,4.108746846516927e-06,1.5311770968967015e-07
CBF,DFT,1.0728836059570312e-06,4.871686299641927e-07
CBF,PCA+Allocation,4.599094390869141e-05,8.43207041422526e-07
CBF,PCA+Allocation_randomized,4.4957796732584635e-05,1.1626879374186199e-06
ToeSegmentation2,PAA,3.3908420138888887e-06,8.179591252253605e-07
ToeSegmentation2,DFT,2.9736095004611543e-06,2.4978931133563702e-06
ToeSegmentation2,PCA+Allocation,0.00014257431030273438,2.2668104905348558e-06
ToeSegmentation2,PCA+Allocation_randomized,0.00015496545367770724,2.191616938664363e-06
UMD,PAA,3.3775965372721353e-06,7.136000527275933e-07
UMD,DFT,1.2119611104329426e-06,7.318125830756294e-07
UMD,PCA+Allocation,4.5226679907904734e-05,1.0000334845648872e-06
UMD,PCA+Allocation_randomized,4.333919949001736e-05,9.735425313313801e-07
ArrowHead,PAA,3.51005130343967e-06,6.362370082310268e-07
ArrowHead,DFT,8.689032660590277e-06,8.155277797154018e-06
ArrowHead,PCA+Allocation,8.502271440294053e-05,1.5286036900111606e-06
ArrowHead,PCA+Allocation_randomized,8.764531877305772e-05,1.5395028250558036e-06
HouseTwenty,PAA,4.464387893676758e-06,1.6709335711823792e-06
HouseTwenty,DFT,1.3780593872070312e-05,1.0901138562114298e-05
HouseTwenty,PCA+Allocation,0.0007782518863677978,1.209122794015067e-05
HouseTwenty,PCA+Allocation_randomized,0.0003194630146026611,1.1834777703806131e-05
ToeSegmentation1,PAA,3.3736228942871095e-06,5.061166328296327e-07
ToeSegmentation1,DFT,8.559226989746093e-06,8.425168823777584e-06
ToeSegmentation1,PCA+Allocation,0.0001118302345275879,1.3583584835654812e-06
ToeSegmentation1,PCA+Allocation_randomized,0.00011236071586608886,1.7107578746059484e-06
CinCECGTorso,PAA,5.584955215454102e-06,6.121137867803159e-07
CinCECGTorso,DFT,2.8699636459350586e-05,3.046332925990008e-05
CinCECGTorso,PCA+Allocation,0.0006704926490783691,5.5986901988153875e-06
CinCECGTorso,PCA+Allocation_randomized,0.00019713640213012696,4.424219546110734e-06
PickupGestureWiimoteZ,PAA,2.6941299438476564e-06,2.0074844360351562e-06
PickupGestureWiimoteZ,DFT,3.70025634765625e-06,3.223419189453125e-06
PickupGestureWiimoteZ,PCA+Allocation,0.00022819995880126953,3.31878662109375e-06
PickupGestureWiimoteZ,PCA+Allocation_randomized,0.00020856380462646484,3.1185150146484375e-06
ShakeGestureWiimoteZ,PAA,2.2649765014648438e-06,1.8167495727539063e-06
ShakeGestureWiimoteZ,DFT,2.6369094848632814e-06,2.4318695068359373e-06
ShakeGestureWiimoteZ,PCA+Allocation,0.00021879673004150392,2.7799606323242188e-06
ShakeGestureWiimoteZ,PCA+Allocation_randomized,0.00021605968475341798,2.8324127197265627e-06
GunPoint,PAA,2.117156982421875e-06,5.944569905598958e-07
GunPoint,DFT,1.1205673217773438e-06,9.918212890625e-07
GunPoint,PCA+Allocation,6.307125091552735e-05,1.0506312052408853e-06
GunPoint,PCA+Allocation_randomized,6.50501251220703e-05,8.789698282877604e-07
Mallat,PAA,4.040111194957386e-06,7.490105212116039e-07
Mallat,DFT,7.165562022816051e-06,5.388768242874633e-06
Mallat,PCA+Allocation,0.0005851398814808239,3.7453576191656117e-06
Mallat,PCA+Allocation_randomized,0.0001710068095814098,2.8578711471069598e-06
Wine,PAA,2.513852035790159e-06,1.9470850626627603e-06
Wine,DFT,2.166681122361568e-06,1.4790782222041376e-06
Wine,PCA+Allocation,9.984719125848067e-05,3.1038566871925638e-06
Wine,PCA+Allocation_randomized,0.0001003282111987733,2.498979921694155e-06
Car,PAA,2.376238505045573e-06,1.903374989827474e-06
Car,DFT,2.26895014444987e-05,2.1775563557942707e-05
Car,PCA+Allocation,0.00020810365676879883,4.084904988606771e-06
Car,PCA+Allocation_randomized,0.00012502272923787435,3.3696492513020832e-06
Meat,PAA,2.2570292154947917e-06,1.8477439880371094e-06
Meat,DFT,2.5431315104166665e-06,2.3643175760904947e-06
Meat,PCA+Allocation,0.00022687911987304688,4.76837158203125e-06
Meat,PCA+Allocation_randomized,0.00026349623998006186,3.03188959757487e-06
Lightning2,PAA,2.5272369384765624e-06,1.9386166431864754e-06
Lightning2,DFT,7.812182108561198e-06,4.631574036645107e-06
Lightning2,PCA+Allocation,0.0003829320271809896,3.943677808417648e-06
Lightning2,PCA+Allocation_randomized,0.00018114646275838215,4.049207343429815e-06
InsectEPGRegularTrain,PAA,2.1880672823998237e-06,5.783326175796938e-07
InsectEPGRegularTrain,DFT,2.4061049184491558e-05,2.36618470954129e-05
InsectEPGRegularTrain,PCA+Allocation,0.0003638805881623299,3.653836537556476e-06
InsectEPGRegularTrain,PCA+Allocation_randomized,0.00017627977555797946,4.4590976822328376e-06
Herring,PAA,2.16066837310791e-06,1.7248094081878662e-06
Herring,DFT,5.580484867095947e-06,2.5480985641479492e-06
Herring,PCA+Allocation,0.0003198869526386261,3.2670795917510986e-06
Herring,PCA+Allocation_randomized,0.00016302242875099182,3.039836883544922e-06
ItalyPowerDemand,PAA,1.7329828063053872e-06,1.1167906231968233e-07
ItalyPowerDemand,DFT,4.092259193534282e-07,2.1826074005215926e-07
ItalyPowerDemand,PCA+Allocation,1.5675131954363924e-05,1.4550716003477283e-07
ItalyPowerDemand,PCA+Allocation_randomized,1.5237438144968516e-05,1.411048733458227e-07
Lightning7,PAA,1.9209725516183035e-06,1.3945853873474957e-06
Lightning7,DFT,3.283364432198661e-06,2.8806189968161386e-06
Lightning7,PCA+Allocation,0.00023312909262520926,2.828362869889769e-06
Lightning7,PCA+Allocation_randomized,0.00022518294198172433,2.7271166239699272e-06
DodgerLoopDay,PAA,1.7453462649614382e-06,1.3262033462524414e-06
DodgerLoopDay,DFT,1.3602085602589143e-06,1.3142824172973633e-06
DodgerLoopDay,PCA+Allocation,0.00020980223631247497,2.023577690124512e-06
DodgerLoopDay,PCA+Allocation_randomized,0.00021781371189997747,2.568960189819336e-06
ACSF1,PAA,1.5974044799804688e-06,1.3709068298339844e-06
ACSF1,DFT,1.5118122100830077e-05,1.415252685546875e-05
ACSF1,PCA+Allocation,0.001044628620147705,1.0218620300292969e-05
ACSF1,PCA+Allocation_randomized,0.00022154808044433594,7.5364112854003905e-06
ECG200,PAA,1.2445449829101562e-06,9.870529174804687e-07
ECG200,DFT,1.1539459228515625e-06,4.38690185546875e-07
ECG200,PCA+Allocation,6.04248046875e-05,1.2540817260742187e-06
ECG200,PCA+Allocation_randomized,5.7866573333740236e-05,1.4472007751464844e-06
Trace,PAA,1.3113021850585938e-06,1.068115234375e-06
Trace,DFT,2.2673606872558593e-06,1.544952392578125e-06
Trace,PCA+Allocation,0.00022951841354370116,1.6951560974121095e-06
Trace,PCA+Allocation_randomized,0.00022829771041870116,1.6832351684570312e-06
InlineSkate,PAA,2.09808349609375e-06,5.609338933771306e-07
InlineSkate,DFT,7.889509201049805e-05,8.011557839133522e-05
InlineSkate,PCA+Allocation,0.0013165712356567384,8.156949823552912e-06
InlineSkate,PCA+Allocation_randomized,0.00027132511138916015,7.832700555974787e-06
MixedShapesSmallTrain,PAA,2.7060508728027343e-06,5.638476499577159e-07
MixedShapesSmallTrain,DFT,4.334449768066406e-06,5.7009077563728255e-06
MixedShapesSmallTrain,PCA+Allocation,0.0009619951248168946,3.634383997966334e-06
MixedShapesSmallTrain,PCA+Allocation_randomized,0.0001588010787963867,3.8440940306358735e-06
PigAirwayPressure,PAA,2.1480596982515776e-06,1.106124657850999e-06
PigAirwayPressure,DFT,9.357929229736328e-06,1.309812068939209e-05
PigAirwayPressure,PCA+Allocation,0.0018707124086526723,1.0473223832937387e-05
PigAirwayPressure,PCA+Allocation_randomized,0.00027520381487332855,1.0473223832937387e-05
PigArtPressure,PAA,1.9302734961876504e-06,1.4190490429217998e-06
PigArtPressure,DFT,9.798086606539213e-06,1.0320773491492639e-05
PigArtPressure,PCA+Allocation,0.0017269620528587927,9.850813792302059e-06
PigArtPressure,PCA+Allocation_randomized,0.0003227110092456524,1.287231078514686e-05
PigCVP,PAA,1.9486133868877705e-06,9.995240431565505e-07
PigCVP,DFT,1.0345990841205303e-05,1.0799903136033277e-05
PigCVP,PCA+Allocation,0.0016179336951329159,1.0345990841205303e-05
PigCVP,PCA+Allocation_randomized,0.00026778991405780497,1.2428714678837703e-05
Plane,PAA,1.3510386149088542e-06,9.582156226748512e-07
Plane,DFT,9.059906005859375e-07,6.153469993954613e-07
Plane,PCA+Allocation,9.517896743047806e-05,1.3646625337146578e-06
Plane,PCA+Allocation_randomized,9.503591628301711e-05,1.2579418364025297e-06
Ham,PAA,1.340831091644567e-06,1.1966342017764137e-06
Ham,DFT,1.4064508840578411e-05,1.3244719732375372e-05
Ham,PCA+Allocation,0.00041568169900036735,2.1525791713169643e-06
Ham,PCA+Allocation_randomized,0.00038548128320536483,2.0708356584821427e-06
GesturePebbleZ1,PAA,9.753487326882102e-07,6.972357284191043e-07
GesturePebbleZ1,DFT,2.673178008108428e-06,2.5491381800451946e-06
GesturePebbleZ1,PCA+Allocation,0.00039029482639197147,4.193117452222248e-06
GesturePebbleZ1,PCA+Allocation_randomized,0.00041624632748690516,3.31013701682867e-06
GunPointAgeSpan,PAA,9.73101015444155e-07,4.1874149177647845e-07
GunPointAgeSpan,DFT,9.695688883463541e-07,1.290176488176177e-06
GunPointAgeSpan,PCA+Allocation,0.00015018427813494648,9.5367431640625e-07
GunPointAgeSpan,PCA+Allocation_randomized,0.00014067225986056858,7.295910316177561e-07
GunPointMaleVersusFemale,PAA,9.625046341507524e-07,3.546099119548556e-07
GunPointMaleVersusFemale,DFT,7.911964699074074e-07,6.843216811554342e-07
GunPointMaleVersusFemale,PCA+Allocation,0.0001411985467981409,9.506563597087619e-07
GunPointMaleVersusFemale,PCA+Allocation_randomized,0.00014097425672743056,9.861173509042475e-07
GunPointOldVersusYoung,PAA,9.168596828685088e-07,3.731439984033978e-07
GunPointOldVersusYoung,DFT,9.238719940185547e-07,6.509205651661707e-07
GunPointOldVersusYoung,PCA+Allocation,0.00014540377785177792,8.098662845672123e-07
GunPointOldVersusYoung,PCA+Allocation_randomized,0.0001315474510192871,6.214020744202629e-07
GesturePebbleZ2,PAA,8.867211537818386e-07,6.564055817036689e-07
GesturePebbleZ2,DFT,2.7140525922383347e-06,2.565263192864913e-06
GesturePebbleZ2,PCA+Allocation,0.00045090178920798106,4.508827306047271e-06
GesturePebbleZ2,PCA+Allocation_randomized,0.00045962039738485256,4.279462597038172e-06
SmoothSubspace,PAA,8.106231689453125e-07,6.516774495442708e-07
SmoothSubspace,DFT,2.0345052083333335e-07,1.414616902669271e-07
SmoothSubspace,PCA+Allocation,6.270408630371094e-06,6.930033365885417e-07
SmoothSubspace,PCA+Allocation_randomized,6.071726481119791e-06,6.421407063802083e-07
FreezerRegularTrain,PAA,9.473164876302083e-07,1.037329958196272e-07
FreezerRegularTrain,DFT,3.7097930908203126e-06,3.829922592430784e-06
FreezerRegularTrain,PCA+Allocation,0.00037622928619384765,1.3783940097741913e-06
FreezerRegularTrain,PCA+Allocation_randomized,0.0003391853968302409,1.4822106612356086e-06
Haptics,PAA,1.4043623401272682e-06,6.440397980925325e-07
Haptics,DFT,8.823025611139113e-06,7.953736689183619e-06
Haptics,PCA+Allocation,0.0009222722822620023,2.923723939177278e-06
Haptics,PCA+Allocation_randomized,0.00010386128579416583,3.0963451831371753e-06
Fish,PAA,9.223393031529018e-07,7.465907505580357e-07
Fish,DFT,1.6946792602539062e-05,1.667022705078125e-05
Fish,PCA+Allocation,0.0004269000462123326,3.6757332938058034e-06
Fish,PCA+Allocation_randomized,0.0004915196555001395,3.6948067801339284e-06
PowerCons,PAA,8.172459072536892e-07,5.841255187988282e-07
PowerCons,DFT,7.006857130262587e-07,5.841255187988282e-07
PowerCons,PCA+Allocation,0.00014525387022230361,1.0569890340169271e-06
PowerCons,PCA+Allocation_randomized,0.00013620456059773762,1.2066629197862413e-06
Worms,PAA,1.0287564103774604e-06,1.836132693600345e-06
Worms,DFT,7.448934059775337e-06,4.66928853617086e-06
Worms,PCA+Allocation,0.000848219539579107,4.297727114194399e-06
Worms,PCA+Allocation_randomized,8.313827093134927e-05,4.5609164547610595e-06
WormsTwoClass,PAA,1.0551010047533235e-06,1.8206509676846592e-06
WormsTwoClass,DFT,4.778909419781595e-06,4.898418079723012e-06
WormsTwoClass,PCA+Allocation,0.0006333200971065964,5.421700415673194e-06
WormsTwoClass,PCA+Allocation_randomized,7.883224698061442e-05,5.350484476461039e-06
OSULeaf,PAA,7.784366607666016e-07,5.990020499741736e-07
OSULeaf,DFT,5.742311477661133e-06,5.672785861433045e-06
OSULeaf,PCA+Allocation,0.00039957404136657714,2.745754462628325e-06
OSULeaf,PCA+Allocation_randomized,0.00045550942420959474,2.9230905958443634e-06
FacesUCR,PAA,6.973743438720703e-07,8.897083561594893e-08
FacesUCR,DFT,7.499456405639648e-06,7.334337001893578e-06
FacesUCR,PCA+Allocation,0.00012662053108215333,5.791826945979421e-07
FacesUCR,PCA+Allocation_randomized,0.00012621521949768066,7.608460216987424e-07
GestureMidAirD1,PAA,5.926077182476337e-07,7.335956280048077e-07
GestureMidAirD1,DFT,3.3745398888221153e-06,1.5460527860201322e-06
GestureMidAirD1,PCA+Allocation,0.0003407723628557645,1.7624634962815506e-06
GestureMidAirD1,PCA+Allocation_randomized,0.00032599041095146764,1.5625586876502403e-06
GestureMidAirD2,PAA,5.994851772601788e-07,7.519355187049279e-07
GestureMidAirD2,DFT,1.5096022532536433e-06,1.3571519118088943e-06
GestureMidAirD2,PCA+Allocation,0.00033534719393803523,1.617578359750601e-06
GestureMidAirD2,PCA+Allocation_randomized,0.00033013178752018855,1.5919025127704328e-06
GestureMidAirD3,PAA,6.120938521165115e-07,7.831133328951322e-07
GestureMidAirD3,DFT,1.5348196029663086e-06,1.3039662287785457e-06
GestureMidAirD3,PCA+Allocation,0.00032745874845064606,1.6505901630108174e-06
GestureMidAirD3,PCA+Allocation_randomized,0.0003316127336942233,1.6725980318509615e-06
Phoneme,PAA,1.3881754652362004e-06,4.0377745648476645e-07
Phoneme,DFT,4.750545893874124e-06,4.6267791136407654e-06
Phoneme,PCA+Allocation,0.000742892238581292,1.9590311412569843e-06
Phoneme,PCA+Allocation_randomized,6.95068145466742e-05,2.7272268689634428e-06
InsectWingbeatSound,PAA,6.253069097345525e-07,1.0488009211992977e-07
InsectWingbeatSound,DFT,9.471719915216619e-07,1.2014851425633285e-06
InsectWingbeatSound,PCA+Allocation,0.00025801875374533914,1.3527244028418955e-06
InsectWingbeatSound,PCA+Allocation_randomized,0.00025369579141790215,1.3992039844243213e-06
Computers,PAA,7.410049438476563e-07,6.437301635742188e-07
Computers,DFT,3.7069320678710938e-06,3.344535827636719e-06
Computers,PCA+Allocation,0.0007507600784301758,3.915786743164062e-06
Computers,PCA+Allocation_randomized,9.483909606933594e-05,4.90570068359375e-06
WordSynonyms,PAA,5.77740901418393e-07,2.541138460643613e-07
WordSynonyms,DFT,1.4823027764366807e-06,1.2085355561355064e-06
WordSynonyms,PCA+Allocation,0.00030344166559226506,1.5941906872214194e-06
WordSynonyms,PCA+Allocation_randomized,0.0002958140569679746,1.871847433729979e-06
SyntheticControl,PAA,4.3312708536783854e-07,3.457069396972656e-07
SyntheticControl,DFT,5.539258321126302e-07,2.5192896525065104e-07
SyntheticControl,PCA+Allocation,2.050956090291341e-05,1.1491775512695313e-06
SyntheticControl,PCA+Allocation_randomized,1.9310315450032554e-05,4.712740580240885e-07
SemgHandGenderCh2,PAA,9.7195307413737e-07,4.641215006510417e-07
SemgHandGenderCh2,DFT,9.373029073079427e-06,8.004506429036458e-06
SemgHandGenderCh2,PCA+Allocation,0.0009498453140258789,4.137754440307617e-06
SemgHandGenderCh2,PCA+Allocation_randomized,0.00011791626612345377,6.83903694152832e-06
AllGestureWiimoteX,PAA,5.022684733072916e-07,1.8017632620675222e-07
AllGestureWiimoteX,DFT,3.0740102132161457e-06,2.0272391183035716e-06
AllGestureWiimoteX,PCA+Allocation,0.0003986557324727376,2.009868621826172e-06
AllGestureWiimoteX,PCA+Allocation_randomized,0.00040470202763875327,1.9621849060058595e-06
AllGestureWiimoteY,PAA,4.212061564127604e-07,1.941408429827009e-07
AllGestureWiimoteY,DFT,2.094109853108724e-06,2.3712430681501114e-06
AllGestureWiimoteY,PCA+Allocation,0.0003971536954243978,2.7629307338169644e-06
AllGestureWiimoteY,PCA+Allocation_randomized,0.0004349573453267415,2.1386146545410158e-06
AllGestureWiimoteZ,PAA,4.188219706217448e-07,1.7983572823660716e-07
AllGestureWiimoteZ,DFT,2.7449925740559897e-06,1.819814954485212e-06
AllGestureWiimoteZ,PCA+Allocation,0.00038985490798950197,2.1583693368094307e-06
AllGestureWiimoteZ,PCA+Allocation_randomized,0.0003901211420694987,1.7840521676199777e-06
Yoga,PAA,6.588300069173177e-07,1.2373924255371094e-07
Yoga,DFT,5.394617716471354e-06,5.955378214518229e-06
Yoga,PCA+Allocation,0.0004314525922139486,1.8532276153564452e-06
Yoga,PCA+Allocation_randomized,0.0004354715347290039,2.316395441691081e-06
Earthquakes,PAA,6.612043203034016e-07,9.879791479316547e-07
Earthquakes,DFT,2.6026127501304106e-06,2.2932779874733025e-06
Earthquakes,PCA+Allocation,0.00046606389632136187,6.776919467843694e-06
Earthquakes,PCA+Allocation_randomized,7.567050294106051e-05,5.228056324471672e-06
EOGHorizontalSignal,PAA,6.302944204425285e-07,6.961559063821866e-07
EOGHorizontalSignal,DFT,6.256182549408127e-06,5.866282552645351e-06
EOGHorizontalSignal,PCA+Allocation,0.0010257794712129878,4.5279771583514975e-06
EOGHorizontalSignal,PCA+Allocation_randomized,6.622108965288868e-05,3.037531731537034e-06
EOGVerticalSignal,PAA,9.648707690159918e-07,8.575165469343491e-07
EOGVerticalSignal,DFT,7.297452642114123e-06,6.039498260666653e-06
EOGVerticalSignal,PCA+Allocation,0.0009349228927443699,3.2463126419657503e-06
EOGVerticalSignal,PCA+Allocation_randomized,6.200002701901599e-05,4.368592362377525e-06
LargeKitchenAppliances,PAA,5.060831705729166e-07,4.5013427734375e-07
LargeKitchenAppliances,DFT,3.1185150146484375e-06,2.841313680013021e-06
LargeKitchenAppliances,PCA+Allocation,0.0006175060272216796,2.1235148111979166e-06
LargeKitchenAppliances,PCA+Allocation_randomized,4.76067860921224e-05,3.197352091471354e-06
RefrigerationDevices,PAA,5.512237548828125e-07,4.781087239583333e-07
RefrigerationDevices,DFT,3.19671630859375e-06,2.834320068359375e-06
RefrigerationDevices,PCA+Allocation,0.0006201922098795573,2.1203358968098957e-06
RefrigerationDevices,PCA+Allocation_randomized,4.868062337239583e-05,3.3245086669921877e-06
ScreenType,PAA,5.620320638020834e-07,4.730224609375e-07
ScreenType,DFT,3.2806396484375e-06,2.9296875e-06
ScreenType,PCA+Allocation,0.0006749795277913412,2.1794637044270834e-06
ScreenType,PCA+Allocation_randomized,6.570879618326823e-05,3.363927205403646e-06
SmallKitchenAppliances,PAA,5.035400390625e-07,4.425048828125e-07
SmallKitchenAppliances,DFT,3.5915374755859375e-06,2.890904744466146e-06
SmallKitchenAppliances,PCA+Allocation,0.000667239507039388,2.216339111328125e-06
SmallKitchenAppliances,PCA+Allocation_randomized,4.486846923828125e-05,1.8755594889322916e-06
MedicalImages,PAA,3.729592470985072e-07,1.606188322368421e-07
MedicalImages,DFT,8.084955490793143e-07,5.985561170076069e-07
MedicalImages,PCA+Allocation,2.6659702691506213e-05,4.169188047710218e-07
MedicalImages,PCA+Allocation_randomized,2.793564884055631e-05,3.993511199951172e-07
CricketX,PAA,3.936963203625801e-07,3.435672857822516e-07
CricketX,DFT,1.7716334416316106e-06,1.15052247658754e-06
CricketX,PCA+Allocation,0.000299380987118452,2.378072494115585e-06
CricketX,PCA+Allocation_randomized,0.00030014148125281703,1.7685767931815906e-06
CricketY,PAA,4.395460471128806e-07,3.612958467923678e-07
CricketY,DFT,1.3479819664588342e-06,1.228161347218049e-06
CricketY,PCA+Allocation,0.0003075367365127955,2.0632377037635215e-06
CricketY,PCA+Allocation_randomized,0.00031440502557999046,1.7331196711613582e-06
CricketZ,PAA,4.248741345527845e-07,3.509032420622997e-07
CricketZ,DFT,1.2947962834284856e-06,1.2116554455879406e-06
CricketZ,PCA+Allocation,0.0003123020514463767,2.315716865735176e-06
CricketZ,PCA+Allocation_randomized,0.00031681427588829626,2.2270740606845955e-06
Adiac,PAA,4.010322766426282e-07,3.432983632587716e-07
Adiac,DFT,9.756821852463942e-07,9.164785790016584e-07
Adiac,PCA+Allocation,0.00014900549864157653,1.3902669062699808e-06
Adiac,PCA+Allocation_randomized,0.0001386569096491887,1.2603867084473904e-06
MiddlePhalanxTW,PAA,3.519512358165923e-07,6.7964776769861e-07
MiddlePhalanxTW,DFT,3.2984224477208645e-07,3.514351782860694e-07
MiddlePhalanxTW,PCA+Allocation,2.6083829110128837e-05,8.979401031097809e-07
MiddlePhalanxTW,PCA+Allocation_randomized,2.5151068704170093e-05,8.391095446301746e-07
DistalPhalanxOutlineAgeGroup,PAA,3.236532211303711e-07,7.186862204572279e-07
DistalPhalanxOutlineAgeGroup,DFT,3.457069396972656e-07,3.636312141692896e-07
DistalPhalanxOutlineAgeGroup,PCA+Allocation,2.5455355644226074e-05,9.348066590672774e-07
DistalPhalanxOutlineAgeGroup,PCA+Allocation_randomized,2.5424361228942872e-05,9.485285916774393e-07
DistalPhalanxTW,PAA,3.421306610107422e-07,7.564215351351731e-07
DistalPhalanxTW,DFT,3.218650817871094e-07,3.5848548944047886e-07
DistalPhalanxTW,PCA+Allocation,2.492368221282959e-05,9.005018275418728e-07
DistalPhalanxTW,PCA+Allocation_randomized,2.52300500869751e-05,9.502438332537096e-07
MiddlePhalanxOutlineAgeGroup,PAA,3.3676624298095705e-07,6.579733514166498e-07
MiddlePhalanxOutlineAgeGroup,DFT,4.637241363525391e-07,3.421461427366579e-07
MiddlePhalanxOutlineAgeGroup,PCA+Allocation,2.6437640190124512e-05,8.422058898133117e-07
MiddlePhalanxOutlineAgeGroup,PCA+Allocation_randomized,2.5249123573303223e-05,7.462191891360592e-07
ProximalPhalanxOutlineAgeGroup,PAA,2.783536911010742e-07,4.570658613995808e-07
ProximalPhalanxOutlineAgeGroup,DFT,2.7716159820556643e-07,2.954064345941311e-07
ProximalPhalanxOutlineAgeGroup,PCA+Allocation,2.3578405380249022e-05,6.024430437785823e-07
ProximalPhalanxOutlineAgeGroup,PCA+Allocation_randomized,2.37882137298584e-05,6.094211485327744e-07
ProximalPhalanxTW,PAA,2.819299697875977e-07,4.210123201695884e-07
ProximalPhalanxTW,DFT,2.7954578399658205e-07,3.361120456602515e-07
ProximalPhalanxTW,PCA+Allocation,2.3571252822875975e-05,7.001365103372713e-07
ProximalPhalanxTW,PCA+Allocation_randomized,2.3889541625976563e-05,7.199078071408156e-07
SemgHandMovementCh2,PAA,6.765789455837674e-07,7.369783189561632e-07
SemgHandMovementCh2,DFT,8.785459730360243e-06,7.162094116210937e-06
SemgHandMovementCh2,PCA+Allocation,0.001056867175632053,5.313025580512152e-06
SemgHandMovementCh2,PCA+Allocation_randomized,6.887859768337674e-05,3.2673941718207465e-06
SemgHandSubjectCh2,PAA,1.0177824232313369e-06,6.606843736436632e-07
SemgHandSubjectCh2,DFT,7.3146820068359374e-06,6.996260748969184e-06
SemgHandSubjectCh2,PCA+Allocation,0.0009466250737508138,3.7664837307400174e-06
SemgHandSubjectCh2,PCA+Allocation_randomized,5.997657775878906e-05,3.0644734700520834e-06
FiftyWords,PAA,3.719329833984375e-07,3.0025021060482485e-07
FiftyWords,DFT,1.8951627943250868e-06,1.2209127237508584e-06
FiftyWords,PCA+Allocation,0.00023859871758355036,2.062451708447802e-06
FiftyWords,PCA+Allocation_randomized,0.0002456776301066081,1.567274659544557e-06
ChlorineConcentration,PAA,3.3593024635723367e-07,6.50063157081604e-08
ChlorineConcentration,DFT,4.3257400872110046e-06,5.200939873854319e-06
ChlorineConcentration,PCA+Allocation,0.00010566588898031819,8.188188076019288e-07
ChlorineConcentration,PCA+Allocation_randomized,0.00010889347411325197,8.865570028622945e-07
SwedishLeaf,PAA,2.918243408203125e-07,2.15911865234375e-07
SwedishLeaf,DFT,8.420944213867188e-07,1.171875e-06
SwedishLeaf,PCA+Allocation,5.109691619873047e-05,9.250640869140625e-07
SwedishLeaf,PCA+Allocation_randomized,5.254697799682617e-05,8.819580078125e-07
MixedShapesRegularTrain,PAA,7.886886596679687e-07,4.382969177875322e-07
MixedShapesRegularTrain,DFT,4.4713020324707034e-06,4.719803013752416e-06
MixedShapesRegularTrain,PCA+Allocation,0.0008049006462097168,2.5088516707272875e-06
MixedShapesRegularTrain,PCA+Allocation_randomized,5.06739616394043e-05,2.522812676183956e-06
ECG5000,PAA,2.9850006103515625e-07,5.4571363661024306e-08
ECG5000,DFT,7.271766662597656e-07,6.98248545328776e-07
ECG5000,PCA+Allocation,6.835460662841797e-05,6.830957200792101e-07
ECG5000,PCA+Allocation_randomized,6.874036788940429e-05,8.39180416531033e-07
EthanolLevel,PAA,8.973810407850477e-07,6.737709045410156e-07
EthanolLevel,DFT,2.8065745792691668e-05,2.5600433349609376e-05
EthanolLevel,PCA+Allocation,0.0012440572655390179,4.973411560058594e-06
EthanolLevel,PCA+Allocation_randomized,5.993057811071002e-05,3.063678741455078e-06
PLAID,PAA,6.308990705834642e-07,6.628658074462436e-07
PLAID,DFT,6.2361775829805345e-06,6.6619567586944975e-06
PLAID,PCA+Allocation,0.0009322970051117228,3.153163405548039e-06
PLAID,PCA+Allocation_randomized,5.8933343301272257e-05,2.8921017211686743e-06
FaceAll,PAA,2.971717289515904e-07,1.0143370317989552e-07
FaceAll,DFT,7.073368344988142e-06,7.008518693009777e-06
FaceAll,PCA+Allocation,6.0273919786725724e-05,7.833954850597494e-07
FaceAll,PCA+Allocation_randomized,3.501517432076591e-05,7.850883980474529e-07
DistalPhalanxOutlineCorrect,PAA,2.3325284322102866e-07,3.6540238753609033e-07
DistalPhalanxOutlineCorrect,DFT,6.624062856038411e-07,3.9390895677649457e-07
DistalPhalanxOutlineCorrect,PCA+Allocation,1.6455650329589843e-05,5.8481658714405e-07
DistalPhalanxOutlineCorrect,PCA+Allocation_randomized,2.312938372294108e-05,7.040258766948313e-07
MiddlePhalanxOutlineCorrect,PAA,2.2610028584798178e-07,3.703271400477878e-07
MiddlePhalanxOutlineCorrect,DFT,3.135204315185547e-07,3.203493622979757e-07
MiddlePhalanxOutlineCorrect,PCA+Allocation,1.6661485036214194e-05,5.374659377684708e-07
MiddlePhalanxOutlineCorrect,PCA+Allocation_randomized,2.25369135538737e-05,5.595872492315024e-07
ProximalPhalanxOutlineCorrect,PAA,2.2768974304199218e-07,3.547602912404693e-07
ProximalPhalanxOutlineCorrect,DFT,3.03188959757487e-07,3.1051766831440615e-07
ProximalPhalanxOutlineCorrect,PCA+Allocation,1.6614993413289388e-05,5.407431690963273e-07
ProximalPhalanxOutlineCorrect,PCA+Allocation_randomized,2.2282203038533528e-05,5.612258648954306e-07
ShapesAll,PAA,3.1908353169759116e-07,3.087520599365234e-07
ShapesAll,DFT,2.7783711751302085e-06,1.7380714416503906e-06
ShapesAll,PCA+Allocation,0.0005177756150563558,3.1006336212158205e-06
ShapesAll,PCA+Allocation_randomized,5.254666010538737e-05,2.3798147837320965e-06
Strawberry,PAA,2.948144909608228e-07,3.492509996568834e-07
Strawberry,DFT,3.029043872827029e-06,2.8442692112278292e-06
Strawberry,PCA+Allocation,0.00016531780921226613,1.6831062935494087e-06
Strawberry,PCA+Allocation_randomized,3.754645342927967e-05,1.562608254922403e-06
UWaveGestureLibraryAll,PAA,5.766217197690691e-07,3.336662024109807e-07
UWaveGestureLibraryAll,DFT,5.941039749554225e-06,5.592852581286151e-06
UWaveGestureLibraryAll,PCA+Allocation,0.000734201233301844,2.3964994250563253e-06
UWaveGestureLibraryAll,PCA+Allocation_randomized,5.021717931543078e-05,2.8425192180656975e-06
UWaveGestureLibraryX,PAA,2.5491629328046527e-07,1.0469916943795584e-07
UWaveGestureLibraryX,DFT,1.7881393432617188e-06,1.685902900631903e-06
UWaveGestureLibraryX,PCA+Allocation,0.0001610898013625826,6.868345387350707e-07
UWaveGestureLibraryX,PCA+Allocation_randomized,1.965010804789407e-05,9.241215947085688e-07
UWaveGestureLibraryY,PAA,3.001519611903599e-07,9.884187324562265e-08
UWaveGestureLibraryY,DFT,1.928636005946568e-06,2.4195958089056393e-06
UWaveGestureLibraryY,PCA+Allocation,0.0001562902969973428,7.57454893963088e-07
UWaveGestureLibraryY,PCA+Allocation_randomized,1.8064997025898526e-05,9.049522617154784e-07
UWaveGestureLibraryZ,PAA,2.666243485042027e-07,9.764378993355449e-08
UWaveGestureLibraryZ,DFT,2.580561808177403e-06,1.6282617812846241e-06
UWaveGestureLibraryZ,PCA+Allocation,0.000150893149631364,7.014777792159038e-07
UWaveGestureLibraryZ,PCA+Allocation_randomized,1.8034928611346652e-05,8.546993227926198e-07
HandOutlines,PAA,1.0502338409423829e-06,1.3924933768607474e-06
HandOutlines,DFT,2.2498607635498047e-05,2.3282540811074747e-05
HandOutlines,PCA+Allocation,0.0015179255008697509,6.309715477195946e-06
HandOutlines,PCA+Allocation_randomized,7.04491138458252e-05,8.711943755278716e-06
TwoPatterns,PAA,2.357959747314453e-07,7.212162017822265e-08
TwoPatterns,DFT,6.268024444580078e-07,3.998279571533203e-07
TwoPatterns,PCA+Allocation,3.425312042236328e-05,6.071329116821289e-07
TwoPatterns,PCA+Allocation_randomized,2.1873235702514647e-05,6.980299949645996e-07
Wafer,PAA,1.9168853759765626e-07,5.5156536956331624e-08
Wafer,DFT,1.3158321380615235e-06,1.3227125485944408e-06
Wafer,PCA+Allocation,5.8305978775024413e-05,6.740237117819319e-07
Wafer,PCA+Allocation_randomized,3.0322551727294922e-05,8.459914279865956e-07
StarLightCurves,PAA,5.652904510498047e-07,3.3768245813741216e-07
StarLightCurves,DFT,3.875732421875e-06,4.536321639088301e-06
StarLightCurves,PCA+Allocation,0.0006483590602874756,3.2185060761402163e-06
StarLightCurves,PCA+Allocation_randomized,5.209493637084961e-05,3.205595113745935e-06
MelbournePedestrian,PAA,1.0702877587808835e-07,4.5748214440152216e-08
MelbournePedestrian,DFT,1.271965116312356e-07,1.1212222641635596e-07
MelbournePedestrian,PCA+Allocation,4.084865052496368e-06,9.394024375424418e-08
MelbournePedestrian,PCA+Allocation_randomized,9.865417352673196e-06,1.416435100935482e-07
PhalangesOutlinesCorrect,PAA,9.854634602864583e-08,1.4171733722820148e-07
PhalangesOutlinesCorrect,DFT,3.1868616739908854e-07,3.351198209749235e-07
PhalangesOutlinesCorrect,PCA+Allocation,1.1188719007703994e-05,1.0934465137117114e-06
PhalangesOutlinesCorrect,PCA+Allocation_randomized,1.5626615948147243e-05,1.0064709714520505e-06
NonInvasiveFetalECGThorax1,PAA,3.2862027486165366e-07,3.13159467003121e-07
NonInvasiveFetalECGThorax1,DFT,5.65489133199056e-06,3.779025478217438e-06
NonInvasiveFetalECGThorax1,PCA+Allocation,0.00032797243860032825,1.6339862619647542e-06
NonInvasiveFetalECGThorax1,PCA+Allocation_randomized,3.0825535456339516e-05,1.5046456994597846e-06
NonInvasiveFetalECGThorax2,PAA,4.095501369900174e-07,3.0260352991312816e-07
NonInvasiveFetalECGThorax2,DFT,3.1418270534939235e-06,3.2007542578621977e-06
NonInvasiveFetalECGThorax2,PCA+Allocation,0.00029648661613464357,1.6389608989841762e-06
NonInvasiveFetalECGThorax2,PCA+Allocation_randomized,3.25877136654324e-05,2.222328088969068e-06
FordA,PAA,3.298531966353747e-07,2.4347594290068656e-07
FordA,DFT,3.241128770552288e-06,2.1790013168797347e-06
FordA,PCA+Allocation,0.00013210044507018992,1.525337045842951e-06
FordA,PCA+Allocation_randomized,1.847628122301639e-05,1.3826471386533794e-06
FordB,PAA,2.384841507679821e-07,2.7167944260585455e-07
FordB,DFT,2.1524555218888586e-06,3.042338806905864e-06
FordB,PCA+Allocation,0.00012155786992693104,1.4920293548960745e-06
FordB,PCA+Allocation_randomized,1.9630386491026422e-05,1.6233067453643421e-06
Crop,PAA,5.125999450683594e-08,3.2995428357805526e-08
Crop,DFT,5.222360293070475e-07,6.156308310372489e-07
Crop,PCA+Allocation,3.9290388425191245e-06,1.504449617295038e-07
Crop,PCA+Allocation_randomized,7.123781575096978e-06,2.2197053545997256e-07
ElectricDevices,PAA,6.80585412895789e-08,5.6829639267108274e-08
ElectricDevices,DFT,4.968700883315332e-07,3.5748873188591177e-07
ElectricDevices,PCA+Allocation,7.4155496797726184e-06,2.3507929670719487e-07
ElectricDevices,PCA+Allocation_randomized,9.939458480790514e-06,5.750986345855353e-07
